human_reward,num_operations,num_resources,num_time_slots,num_binary_variables,human_assignment_count,total_cost_without_reward,reward_value,expected_reward_adjusted_objective,expected_manual,qubo_energy,error_vs_expected_objective,abs_error_vs_expected_objective,error_vs_manual,abs_error_vs_manual,pass_expected_objective,pass_manual
0.0,16,9,63,9072,0,57.0,0.0,57.0,57.0,57.0,0.0,0.0,0.0,0.0,True,True
1.0,16,9,63,9072,0,57.0,0.0,57.0,57.0,57.0,0.0,0.0,0.0,0.0,True,True
2.0,16,9,63,9072,1,58.8,2.0,56.8,56.8,56.80000000000007,7.105427357601002e-14,7.105427357601002e-14,7.105427357601002e-14,7.105427357601002e-14,True,True
3.0,16,9,63,9072,1,58.8,3.0,55.8,55.8,55.799999999999955,-4.263256414560601e-14,4.263256414560601e-14,-4.263256414560601e-14,4.263256414560601e-14,True,True
4.0,16,9,63,9072,2,62.1,8.0,54.1,54.1,54.10000000000002,2.1316282072803006e-14,2.1316282072803006e-14,2.1316282072803006e-14,2.1316282072803006e-14,True,True
5.0,16,9,63,9072,3,66.3,15.0,51.3,51.3,51.299999999999955,-4.263256414560601e-14,4.263256414560601e-14,-4.263256414560601e-14,4.263256414560601e-14,True,True
