label,bitstring,feasible,num_violations,function_total_cost,qubo_energy,error,abs_error,processing,start_time,workload,ergonomic,safety,original_cost,assignment_start_penalty,skill_penalty,horizon_penalty,precedence_penalty,resource_overlap_penalty,robot_utilization_penalty,total_penalty,total_cost
Feasible reference schedule,000000000000100000000000000000010000000000100000000000000000000000000100,True,0,18.8,18.80000000000001,1.0658141036401503e-14,1.0658141036401503e-14,16.0,0.8,0.0,0.0,2.0,18.8,0.0,0.0,0.0,0.0,0.0,0,0.0,18.8
Infeasible reference schedule,000000000000100000000000000000100000000000100000000000000000000000000100,False,2,118.6,118.6,0.0,0.0,16.0,0.6000000000000001,0.0,0.0,2.0,18.6,0.0,0.0,0.0,50.0,50.0,0,100.0,118.6
