{
  "num_samples": 12,
  "max_abs_error": 9.094947017729282e-13,
  "mean_abs_error": 1.7526720815415805e-13,
  "validation_status": "PASS"
}